<?xml version="1.0" encoding="UTF-8"?>
<!DOCTYPE mapper PUBLIC "-//mybatis.org//DTD Mapper 3.0//EN" "http://mybatis.org/dtd/mybatis-3-mapper.dtd">
<mapper namespace="com.netease.homework.repository.ProductPOMapper">
  <insert id="insertProduct" parameterType="ProductPO">
    insert into product (id, `name`, numbers,
      introduce, `describe`, price,
      url)
    values (#{id,jdbcType=INTEGER}, #{name,jdbcType=VARCHAR}, #{numbers,jdbcType=INTEGER}, 
      #{introduce,jdbcType=VARCHAR}, #{describe,jdbcType=VARCHAR}, #{price,jdbcType=DECIMAL}, 
      #{url,jdbcType=VARCHAR})
  </insert>
    <delete id="deleteProduct" parameterType="Integer">
        delete from product where id=#{id}
    </delete>

    <update id="updateProduct" parameterType="ProductPO">
        update product
        <set>
          <if test="name!=null and name!=''">`name`=#{name},</if>
          <if test="numbers!=null ">`numbers`=#{numbers},</if>
          <if test="introduce!=null ">`introduce`=#{introduce},</if>
          <if test="describe!=null and describe!=''">`describe`=#{describe},</if>
          <if test="price!=null">`price`=#{price},</if>
          <if test="url!=null and url!=''">`url`=#{url}</if>
        </set>
        where id=#{id}
    </update>

  <select id="selectAll"  resultType="ProductPO">
    select id, `name`, numbers, introduce, `describe`, price, url
    from product
  </select>
    <select id="selectById" parameterType="Integer" resultType="ProductPO">
        select * from product where id=#{id}
    </select>
  <select id="selectProductsNotBought" parameterType="Integer" resultType="ProductPO">
    select * from product where id not in (select product_id from settle where user_id=#{userId})
  </select>
  <select id="selectProductsIdHasBought" parameterType="Integer" resultType="Integer">
    select id from product where id in (select product_id from settle where user_id=#{userId})
  </select>
</mapper>