<?xml version="1.0" encoding="UTF-8"?>
<!DOCTYPE mapper PUBLIC "-//mybatis.org//DTD Mapper 3.0//EN" "http://mybatis.org/dtd/mybatis-3-mapper.dtd">
<mapper namespace="com.netease.homework.repository.SettlePOMapper">
  <resultMap id="settleResultMap" type="settlePO">
    <id column="id" property="id"></id>
    <result column="user_id" property="userId"></result>
    <result column="product_id" property="productId"></result>
    <result column="gmt_create" property="gmtCreate"></result>
    <result column="gmt_modified" property="gmtModified"></result>
  </resultMap>

  <insert id="insert" parameterType="com.netease.homework.repository.SettlePO">
    insert into settle (id, user_id, product_id, 
      `number`, gmt_create, gmt_modified,
      price)
    values (#{id,jdbcType=INTEGER}, #{userId,jdbcType=INTEGER}, #{productId,jdbcType=INTEGER}, 
      #{number,jdbcType=INTEGER}, #{gmtCreate,jdbcType=TIMESTAMP}, #{gmtModified,jdbcType=TIMESTAMP}, 
      #{price,jdbcType=DECIMAL})
  </insert>
  <select id="selectAll" resultMap="settleResultMap">
    select id, user_id, product_id, `number`, gmt_create, gmt_modified, price
    from settle
  </select>
  <select id="selectByUserId" resultMap="settleResultMap">
    select * from settle where user_id=#{userId}
  </select>
</mapper>